id,count,type,name
0,0,M ,xx 
1,2,O,John Drinkwater
2,930,O,Andre d
3,10,O,Jeff Cook
4,2,O,Colin Dean
5,1,O,Sami Samhuri
6,52,O,Josh Muhlfelder
7,1,O,
8,8,O,Andrew Shu
9,2,O,Kay Zhu
10,3,O,Eitan Adler
11,2,O,Stuart Powers
12,1,O,Ian Young
13,13,O,Pavel
14,2,O,Richard Hartmann
15,2,O,Mikhail Tabunov
16,48,O,David H.
17,2,O,Sanil Mohandas
18,2,O,Brandon Carl
19,15,O,maxwellhansen
20,1,O,martinml
21,4,O,Jonas Friedmann
22,1,O,Josh Price
23,1,O,Nodren
24,656,M,Neil Williams
25,6,O,Scott Moak
26,2,O,Divya Manian
27,1,O,Ian Carroll
28,21,O,Andrew Smith
29,1,O,Allan K. Jensen
30,4,O,Dmitry Kuznetsov
31,4,O,Donald Ephraim Curtis
32,2,O,Seth Woodworth
33,6,O,Chris Kankiewicz
34,15,O,Your Name
35,2,O,Sean Creeley
36,2,O,Robert Picard
37,3,O,Alex Muller
38,15,O,Joe Alcorn
39,57,O,Bryce Boe
40,115,O,David King
41,1,O,Aaron Toth
42,52,O,Robert Tyler Nielson
43,2,O,idonthack
44,1,O,donslice
45,332,M,Brian Simpson
46,234,M,Logan Hanks
47,2,O,Schuyler Thompson
48,1,O,Raymond May Jr.
49,2,O,Matt Lilek
50,816,M,Max Goodman
51,12,O,Jakub Zika
52,2,O,Alastair Coote
53,9,O,Elaine Lung
54,4,O,James Daily
55,7,O,wal-f
56,4,O,Kento Locatelli
57,1,O,Thibaut Renaux
58,5,O,Jeffrey Rosen
59,2,O,Dakota Schneider
60,13,O,Brian Kiewel
61,6,O,Dmitry Jemerov
62,15,O,Dave Pifke
63,1,O,Skuldo
64,2,O,Shawn Smith
65,21,O,DEADB33F
66,64,M,Ricky Ramirez
67,3,O,Matthew Robertson
68,2,O,Edho Arief
69,3,O,Courthold
70,4,O,Jonathan Tran
71,11,O,listen2
72,2,O,Maxime Rouiller
73,1,O,Frederick Jansen
74,1,O,Guillaume Rischard
75,2,O,Matt Rasmus
76,23,O,Kevin Kress
77,1,O,nooodl
78,18,O,Jonas Häggqvist
79,4,O,Katrina Swales
80,11,O,cswider
81,11,O,Ryan G
82,3,O,Vinny Diehl
83,2,O,Steve Wilber
84,66,M,shlurbee
85,2,O,Thor K.H.
86,21,O,aperson
87,2,O,Jacob
88,1,O,Andy Tuba
89,1,O,Cameron Wheeler
90,1,O,Travis
91,4,O,Hilal Alsibai
92,1,O,Mart Mangus
93,1,O,KevCarbone
94,7,O,Chris Lexmond
95,1,O,BFKelleher
96,3,O,Dominoed
97,1,O,Miquel Sabaté Solà
98,1,O,Dan Haiduc
99,1,O,morris ganis
100,2,O,lebeauc
101,1,O,Supericy
102,6,O,Tristanx
103,1,O,Mike Ryan
104,3,O,Kruithne
105,1,O,Christopher Koch
106,26,O,Jeremy Edberg
107,6,O,Josh Wardle
108,12,O,/u/rolmos
109,6,O,Arianna Story
110,1,O,joshua stein
111,1,O,PizzaRollExpert
112,1,O,\N
113,124,M,Chad Birch
114,17,M,Roger Ostrander
115,4,O,Steve Sobel
116,222,M,Keith Mitchell
117,43,M,Jason Harvey
118,2,O,cBlank
119,1,O,Mike Ryan
120,2,O,max
121,3,O,Steve Carlson
122,1,O,
123,2,O,Arun Debray
124,1,O,Crote
125,1,O,cBlank
126,4,O,reddit
127,1,O,Ethan Henderson
128,1,O,ughblah
129,2,O,Josh Kaplan
130,35,O,Jeff Sandberg
131,3,O,Ian Weller
132,5,O,Bl0ckeduser
133,2,O,Olivier Arteau
134,42,O,Edward Wu
135,3,O,user
136,1,O,Jay R.
137,2,O,Robert "Beau" Collins
138,2,O,Neal Poole
139,7,O,Tilman Blumenbach
140,3,O,Bryce Culhane
141,1,O,TheMightyLlama
142,4,O,Markus Gaisbauer
143,3,O,Chris Johnson
144,1,O,Chad MILLER
145,3,O,James Socol
146,1,O,Raphaël Londeix
147,1,O,Nishant Shukla
148,1,O,Adrian Mester
149,1,O,Philip Frank
150,2,O,
151,1,O,Tylerritchie
152,1,O,Adam Dane
153,7,O,westmaas
154,9,O,gabe
155,1,O,Hafsteinn Baldvinsson
156,124,O,Christopher Slowe
157,6,O,root
158,2,O,reddit
159,1,O,Preston
160,1,O,Logan Hanks
161,1,O,Erik Karulf
162,1,O,defnordic
163,8,O,shlurbee
164,1,O,walropodes
165,26,O,Mike
166,14,O,Christopher Slowe
167,104,O,spez
168,4,O,Mike
169,6,O,Christopher Slowe
170,1,O,ri
171,2,O,Alexis Ohanian
172,3,O,Mike
173,4,O,Steve Huffman
174,9,O,shuffman
175,1,O,Jeremy Edberg
176,2,O,Matic Žgur
